{
  "generated_keys_count": 59,
  "sample_keys": {
    "k_HumaPlus": "HumaPlus",
    "k_Sidebar__To_be_implemented": "Sidebar - To be implemented",
    "k_Attendance_Management": "Attendance Management",
    "k_Current_Time": "Current Time",
    "k____": "تم إضافة المستخدم بنجاح",
    "k_Attendance_History": "Attendance History",
    "k_Retry": "Retry",
    "k_No_attendance_data": "No attendance data",
    "k_Smart_Attendance__Payroll_Man": "Smart Attendance & Payroll Management",
    "k_Welcome_Back": "Welcome Back",
    "k_Sign_in_to_your_account": "Sign in to your account",
    "k_Forgot_Password": "Forgot Password?",
    "k_Demo_Accounts": "Demo Accounts",
    "k_Admin": "Admin",
    "k_Employee": "Employee",
    "k_Add_New_Branch": "Add New Branch",
    "k_Branch_created_successfully": "Branch created successfully!",
    "k_Create_New_Branch": "Create New Branch",
    "k_Add_a_new_branch_to_the_system": "Add a new branch to the system",
    "k_Select_Client": "Select Client",
    "k_Cancel": "Cancel",
    "k_Please_select_a_client": "Please select a client",
    "k__": "الراتب الأساسي",
    "k___": "إضافة مستخدم جديد",
    "k______": "اضغط على + لإضافة مستخدم جديد",
    "k_25e655b6": "إغلاق",
    "k_____": "تم إنشاء كشف الراتب بنجاح",
    "k_91587147": "إلغاء",
    "k_92ec4724": "إضافة",
    "k_Add_New_Client": "Add New Client",
    "k__Client_created_successfully": "✅ Client created successfully!",
    "k_Create_New_Client": "Create New Client",
    "k_Clients_Management": "Clients Management",
    "k_Client_created_successfully": "Client created successfully",
    "k_Client_updated_successfully": "Client updated successfully",
    "k_Client_deleted_successfully": "Client deleted successfully",
    "k_Error_loading_clients": "Error loading clients",
    "k_No_clients_found": "No clients found",
    "k_Delete_Client": "Delete Client",
    "k_Delete": "Delete",
    "k_Edit": "Edit",
    "k_Quick_Actions": "Quick Actions",
    "k_Recent_Activities": "Recent Activities",
    "k_View_All": "View All",
    "k_Payroll_Management": "Payroll Management",
    "k_Payroll_History": "Payroll History",
    "k_No_payroll_data": "No payroll data",
    "k_Create_New_Payroll": "Create New Payroll",
    "k_This_feature_will_open_a_form_": "This feature will open a form to create a new payroll record.",
    "k_Create": "Create",
    "k_Reports_Screen": "Reports Screen",
    "k_This_screen_will_be_implemente": "This screen will be implemented with reporting features",
    "k_Role": "Role",
    "k_Please_select_client": "Please select client",
    "k_f12514b6": "موظف",
    "k_Profile": "Profile",
    "k_Settings": "Settings",
    "k_Logout": "Logout",
    "k_3df86c93": "موافق"
  }
}